[
  { "code": "01", "name": "Thành phố Hà Nội",              "short_name": "Hà Nội",             "type": "Thành phố trực thuộc Trung ương" },
  { "code": "02", "name": "Tỉnh Hà Giang",                 "short_name": "Hà Giang",           "type": "Tỉnh" },
  { "code": "04", "name": "Tỉnh Cao Bằng",                 "short_name": "Cao Bằng",           "type": "Tỉnh" },
  { "code": "06", "name": "Tỉnh Bắc Kạn",                  "short_name": "Bắc Kạn",            "type": "Tỉnh" },
  { "code": "08", "name": "Tỉnh Tuyên Quang",              "short_name": "Tuyên Quang",        "type": "Tỉnh" },
  { "code": "10", "name": "Tỉnh Lào Cai",                  "short_name": "Lào Cai",            "type": "Tỉnh" },
  { "code": "11", "name": "Tỉnh Điện Biên",                "short_name": "Điện Biên",          "type": "Tỉnh" },
  { "code": "12", "name": "Tỉnh Lai Châu",                 "short_name": "Lai Châu",           "type": "Tỉnh" },
  { "code": "14", "name": "Tỉnh Sơn La",                   "short_name": "Sơn La",             "type": "Tỉnh" },
  { "code": "15", "name": "Tỉnh Yên Bái",                  "short_name": "Yên Bái",            "type": "Tỉnh" },
  { "code": "17", "name": "Tỉnh Hòa Bình",                 "short_name": "Hòa Bình",           "type": "Tỉnh" },
  { "code": "19", "name": "Tỉnh Thái Nguyên",              "short_name": "Thái Nguyên",        "type": "Tỉnh" },
  { "code": "20", "name": "Tỉnh Lạng Sơn",                 "short_name": "Lạng Sơn",           "type": "Tỉnh" },
  { "code": "22", "name": "Tỉnh Quảng Ninh",               "short_name": "Quảng Ninh",         "type": "Tỉnh" },
  { "code": "24", "name": "Tỉnh Bắc Giang",                "short_name": "Bắc Giang",          "type": "Tỉnh" },
  { "code": "25", "name": "Tỉnh Phú Thọ",                  "short_name": "Phú Thọ",            "type": "Tỉnh" },
  { "code": "26", "name": "Tỉnh Vĩnh Phúc",                "short_name": "Vĩnh Phúc",          "type": "Tỉnh" },
  { "code": "27", "name": "Tỉnh Bắc Ninh",                 "short_name": "Bắc Ninh",           "type": "Tỉnh" },
  { "code": "30", "name": "Tỉnh Hải Dương",               "short_name": "Hải Dương",          "type": "Tỉnh" },
  { "code": "31", "name": "Thành phố Hải Phòng",          "short_name": "Hải Phòng",          "type": "Thành phố trực thuộc Trung ương" },
  { "code": "33", "name": "Tỉnh Hưng Yên",                "short_name": "Hưng Yên",           "type": "Tỉnh" },
  { "code": "34", "name": "Tỉnh Thái Bình",               "short_name": "Thái Bình",          "type": "Tỉnh" },
  { "code": "35", "name": "Tỉnh Hà Nam",                  "short_name": "Hà Nam",             "type": "Tỉnh" },
  { "code": "36", "name": "Tỉnh Nam Định",                "short_name": "Nam Định",           "type": "Tỉnh" },
  { "code": "37", "name": "Tỉnh Ninh Bình",               "short_name": "Ninh Bình",          "type": "Tỉnh" },
  { "code": "38", "name": "Tỉnh Thanh Hóa",               "short_name": "Thanh Hóa",          "type": "Tỉnh" },
  { "code": "40", "name": "Tỉnh Nghệ An",                 "short_name": "Nghệ An",            "type": "Tỉnh" },
  { "code": "42", "name": "Tỉnh Hà Tĩnh",                 "short_name": "Hà Tĩnh",            "type": "Tỉnh" },
  { "code": "44", "name": "Tỉnh Quảng Bình",              "short_name": "Quảng Bình",         "type": "Tỉnh" },
  { "code": "45", "name": "Tỉnh Quảng Trị",               "short_name": "Quảng Trị",          "type": "Tỉnh" },
  { "code": "46", "name": "Thừa Thiên Huế",               "short_name": "Thừa Thiên Huế",     "type": "Tỉnh" },
  { "code": "48", "name": "Thành phố Đà Nẵng",           "short_name": "Đà Nẵng",            "type": "Thành phố trực thuộc Trung ương" },
  { "code": "49", "name": "Tỉnh Quảng Nam",               "short_name": "Quảng Nam",          "type": "Tỉnh" },
  { "code": "51", "name": "Tỉnh Quảng Ngãi",              "short_name": "Quảng Ngãi",         "type": "Tỉnh" },
  { "code": "52", "name": "Tỉnh Bình Định",               "short_name": "Bình Định",          "type": "Tỉnh" },
  { "code": "54", "name": "Tỉnh Phú Yên",                 "short_name": "Phú Yên",            "type": "Tỉnh" },
  { "code": "56", "name": "Tỉnh Khánh Hòa",               "short_name": "Khánh Hòa",          "type": "Tỉnh" },
  { "code": "58", "name": "Tỉnh Ninh Thuận",              "short_name": "Ninh Thuận",         "type": "Tỉnh" },
  { "code": "60", "name": "Tỉnh Bình Thuận",              "short_name": "Bình Thuận",         "type": "Tỉnh" },
  { "code": "62", "name": "Tỉnh Kon Tum",                 "short_name": "Kon Tum",            "type": "Tỉnh" },
  { "code": "64", "name": "Tỉnh Gia Lai",                 "short_name": "Gia Lai",            "type": "Tỉnh" },
  { "code": "66", "name": "Tỉnh Đắk Lắk",                 "short_name": "Đắk Lắk",            "type": "Tỉnh" },
  { "code": "67", "name": "Tỉnh Đắk Nông",                "short_name": "Đắk Nông",           "type": "Tỉnh" },
  { "code": "68", "name": "Tỉnh Lâm Đồng",                "short_name": "Lâm Đồng",           "type": "Tỉnh" },
  { "code": "70", "name": "Tỉnh Bình Phước",              "short_name": "Bình Phước",         "type": "Tỉnh" },
  { "code": "72", "name": "Tỉnh Tây Ninh",                "short_name": "Tây Ninh",           "type": "Tỉnh" },
  { "code": "74", "name": "Tỉnh Bình Dương",              "short_name": "Bình Dương",         "type": "Tỉnh" },
  { "code": "75", "name": "Tỉnh Đồng Nai",                "short_name": "Đồng Nai",           "type": "Tỉnh" },
  { "code": "77", "name": "Tỉnh Bà Rịa - Vũng Tàu",       "short_name": "Bà Rịa - Vũng Tàu",  "type": "Tỉnh" },
  { "code": "79", "name": "Thành phố Hồ Chí Minh",       "short_name": "TP Hồ Chí Minh",     "type": "Thành phố trực thuộc Trung ương" },
  { "code": "80", "name": "Tỉnh Long An",                 "short_name": "Long An",            "type": "Tỉnh" },
  { "code": "82", "name": "Tỉnh Tiền Giang",              "short_name": "Tiền Giang",         "type": "Tỉnh" },
  { "code": "83", "name": "Tỉnh Bến Tre",                 "short_name": "Bến Tre",            "type": "Tỉnh" },
  { "code": "84", "name": "Tỉnh Trà Vinh",                "short_name": "Trà Vinh",           "type": "Tỉnh" },
  { "code": "86", "name": "Tỉnh Vĩnh Long",               "short_name": "Vĩnh Long",          "type": "Tỉnh" },
  { "code": "87", "name": "Tỉnh Đồng Tháp",               "short_name": "Đồng Tháp",          "type": "Tỉnh" },
  { "code": "89", "name": "Tỉnh An Giang",                "short_name": "An Giang",           "type": "Tỉnh" },
  { "code": "91", "name": "Tỉnh Kiên Giang",              "short_name": "Kiên Giang",         "type": "Tỉnh" },
  { "code": "92", "name": "Thành phố Cần Thơ",           "short_name": "Cần Thơ",            "type": "Thành phố trực thuộc Trung ương" },
  { "code": "93", "name": "Tỉnh Hậu Giang",               "short_name": "Hậu Giang",          "type": "Tỉnh" },
  { "code": "94", "name": "Tỉnh Sóc Trăng",               "short_name": "Sóc Trăng",          "type": "Tỉnh" },
  { "code": "95", "name": "Tỉnh Bạc Liêu",                "short_name": "Bạc Liêu",           "type": "Tỉnh" },
  { "code": "96", "name": "Tỉnh Cà Mau",                  "short_name": "Cà Mau",             "type": "Tỉnh" }
]
