{
  "generatedAt": "2025-11-15T19:54:37.319Z",
  "source": "dataThamKhao/json/vietnam-address.json",
  "provinces": [
    {
      "code": "91",
      "name": "An Giang",
      "officeAddress": "Số 16C Tôn Đức Thắng, Mỹ Bình, An Giang",
      "centerName": "Kiên Giang; Số xã: 102",
      "scale": "102 đơn vị (14 phường , 85 xã, và 3 đặc khu: Phú Quốc, Kiên Hải, Thổ Châu)",
      "totalUnits": 102,
      "area": 9986950,
      "postalCode": "90000",
      "vehicleCode": "67, 68",
      "phoneCode": "296",
      "lat": 10.178240724509575,
      "lng": 105.09770969971673
    },
    {
      "code": "24",
      "name": "Bắc Ninh",
      "officeAddress": "Số 82 Hùng Vương, Bắc Giang, Bắc Ninh",
      "centerName": "Bắc Giang",
      "scale": "99 đơn vị (33 phường, 66 xã)",
      "totalUnits": 99,
      "area": 4718610,
      "postalCode": "22000",
      "vehicleCode": "98, 99",
      "phoneCode": "222",
      "lat": 21.309398843890094,
      "lng": 106.43481685702274
    },
    {
      "code": "96",
      "name": "Cà Mau",
      "officeAddress": "Số 02 Hùng Vương, Tân Thành, Cà Mau",
      "centerName": "Cà Mau",
      "scale": "64 đơn vị (9 phường, 55 xã)",
      "totalUnits": 64,
      "area": 6310450,
      "postalCode": "02000",
      "vehicleCode": "69, 94",
      "phoneCode": "290",
      "lat": 9.071773049638061,
      "lng": 105.14310449100913
    },
    {
      "code": "92",
      "name": "Cần Thơ",
      "officeAddress": "Số 02 Hòa Bình, Ninh Kiều, Cần Thơ",
      "centerName": "Cần Thơ",
      "scale": "103 đơn vị (31 phường, 72 xã)",
      "totalUnits": 103,
      "area": 6360820,
      "postalCode": "95000",
      "vehicleCode": "65, 83, 95",
      "phoneCode": "292",
      "lat": 9.74170373269872,
      "lng": 105.7591867512735
    },
    {
      "code": "04",
      "name": "Cao Bằng",
      "officeAddress": "Số 11 Hoàng Đình Giong, Thục Phán, Cao Bằng",
      "centerName": "Cao Bằng",
      "scale": "56 đơn vị (3 phường, 53 xã)",
      "totalUnits": 56,
      "area": 6700380,
      "postalCode": "02000",
      "vehicleCode": "11",
      "phoneCode": "206",
      "lat": 22.744235187853942,
      "lng": 106.08566689394148
    },
    {
      "code": "48",
      "name": "Đà Nẵng",
      "officeAddress": "Số 24 Trần Phú, Hải Châu, Đà Nẵng",
      "centerName": "Đà Nẵng",
      "scale": "94 đơn vị (23 phường, 70 xã và 1 đặc khu Hoàng Sa)",
      "totalUnits": 94,
      "area": 11913080,
      "postalCode": "58000",
      "vehicleCode": "43, 92",
      "phoneCode": "236",
      "lat": 15.61252609178092,
      "lng": 107.95641368816923
    },
    {
      "code": "66",
      "name": "Đắk Lắk",
      "officeAddress": "Số 9 Lê Duẩn, Buôn Ma Thuột, Đắk Lắk",
      "centerName": "Đắk Lắk",
      "scale": "102 đơn vị (14 phường, 88 xã)",
      "totalUnits": 102,
      "area": 18096370,
      "postalCode": "67000",
      "vehicleCode": "47, 78",
      "phoneCode": "262",
      "lat": 12.920783699373029,
      "lng": 108.44545324493194
    },
    {
      "code": "11",
      "name": "Điện Biên",
      "officeAddress": "Số 851 Võ Nguyên Giáp, Mường Thanh, Điện Biên",
      "centerName": "Điện Biên",
      "scale": "45 đơn vị (3 phường, 42 xã)",
      "totalUnits": 45,
      "area": 9539270,
      "postalCode": "\t14000",
      "vehicleCode": "27",
      "phoneCode": "215",
      "lat": 21.710477262526894,
      "lng": 103.02361453145262
    },
    {
      "code": "75",
      "name": "Đồng Nai",
      "officeAddress": "Số 2 Nguyễn Văn Trị, Biên Hòa, Đồng Nai",
      "centerName": "Đồng Nai",
      "scale": "95 đơn vị (23 phường và 72 xã)",
      "totalUnits": 95,
      "area": 12737360,
      "postalCode": "92000",
      "vehicleCode": "39, 60, 93",
      "phoneCode": "251",
      "lat": 11.375766161747062,
      "lng": 107.12762452223772
    },
    {
      "code": "82",
      "name": "Đồng Tháp",
      "officeAddress": "Số 12 30/4, Mỹ Tho, Đồng Tháp",
      "centerName": "Tiền Giang",
      "scale": "102 đơn vị (20 phường, 82 xã)",
      "totalUnits": 102,
      "area": 5939000,
      "postalCode": "83000",
      "vehicleCode": "63, 66",
      "phoneCode": "277",
      "lat": 10.420442708296658,
      "lng": 105.7790084411047
    },
    {
      "code": "52",
      "name": "Gia Lai",
      "officeAddress": "Số 1 Trần Phú, Quy Nhơn, Gia Lai",
      "centerName": "Bình Định",
      "scale": "135 đơn vị (25 phường, 110 xã)",
      "totalUnits": 135,
      "area": 21576560,
      "postalCode": "\t63000",
      "vehicleCode": "77, 81",
      "phoneCode": "269",
      "lat": 13.889126754354374,
      "lng": 108.44074343333884
    },
    {
      "code": "01",
      "name": "Hà Nội",
      "officeAddress": "Số 79 Đinh Tiên Hoàng, Hoàn Kiếm, Hà Nội",
      "centerName": "Hà Nội",
      "scale": "126 đơn vị (51 phường,  75 xã)",
      "totalUnits": 126,
      "area": 3359770,
      "postalCode": "10000",
      "vehicleCode": "29; 30; 31; 32; 33; 40",
      "phoneCode": "24",
      "lat": 20.999185512353215,
      "lng": 105.69985103790678
    },
    {
      "code": "42",
      "name": "Hà Tĩnh",
      "officeAddress": "Số 1 Nguyễn Tất Thành, Thành Sen, Hà Tĩnh",
      "centerName": "Hà Tĩnh",
      "scale": "69 đơn vị (9 phường, 60 xã)",
      "totalUnits": 69,
      "area": 5994850,
      "postalCode": "38000",
      "vehicleCode": "38",
      "phoneCode": "239",
      "lat": 18.316438092981382,
      "lng": 105.70052570305502
    },
    {
      "code": "31",
      "name": "Hải Phòng",
      "officeAddress": "Số 18 Hoàng Diệu, Thủy Nguyên, Hải Phòng",
      "centerName": "Hải Phòng",
      "scale": "114 đơn vị (45 phường, 67 xã và 2 đặc khu: Cát Hải và Bạch Long Vĩ)",
      "totalUnits": 114,
      "area": 3194730,
      "postalCode": "15000",
      "vehicleCode": "15; 16; 34",
      "phoneCode": "225",
      "lat": 20.874078407398066,
      "lng": 106.47570187579213
    },
    {
      "code": "46",
      "name": "Huế",
      "officeAddress": "Số 16 Lê Lợi, Thuận Hóa, Huế",
      "centerName": "Huế",
      "scale": "40 đơn vị (21 phường, 19 xã)",
      "totalUnits": 40,
      "area": 4947140,
      "postalCode": "\t53000",
      "vehicleCode": "75",
      "phoneCode": "234",
      "lat": 16.348382893905963,
      "lng": 107.49394833502123
    },
    {
      "code": "33",
      "name": "Hưng Yên",
      "officeAddress": "Số 10 Chùa Chuông, Phố Hiến, Hưng Yên",
      "centerName": "Hưng Yên",
      "scale": "104 đơn vị (11 phường, 93 xã)",
      "totalUnits": 104,
      "area": 2514810,
      "postalCode": "17000",
      "vehicleCode": "17; 89",
      "phoneCode": "221",
      "lat": 20.615017760970087,
      "lng": 106.27618551578836
    },
    {
      "code": "56",
      "name": "Khánh Hòa",
      "officeAddress": "Số 1 Trần Phú, Nha Trang, Khánh Hòa",
      "centerName": "Khánh Hòa",
      "scale": "65 đơn vị (16 phường, 48 xã và 1 đặc khu Trường Sa)",
      "totalUnits": 65,
      "area": 8556100,
      "postalCode": "\t65000",
      "vehicleCode": "79; 85",
      "phoneCode": "258",
      "lat": 12.076382265732207,
      "lng": 108.96430221360636
    },
    {
      "code": "12",
      "name": "Lai Châu",
      "officeAddress": "Đang cập nhật",
      "centerName": "Lai Châu",
      "scale": "38 đơn vị (2 phường, 36 xã)",
      "totalUnits": 38,
      "area": 9068730,
      "postalCode": "13000",
      "vehicleCode": "25",
      "phoneCode": "213",
      "lat": 22.316816082776402,
      "lng": 103.18704443523214
    },
    {
      "code": "68",
      "name": "Lâm Đồng",
      "officeAddress": "Số 4 Trần Hưng Đạo, Xuân Hương Đà Lạt, Lâm Đồng",
      "centerName": "Lâm Đồng",
      "scale": "124 đơn vị (20 phường, 103 xã và 1 đặc khu Phú Quý)",
      "totalUnits": 124,
      "area": 24243130,
      "postalCode": "66000",
      "vehicleCode": "48; 49; 86",
      "phoneCode": "263",
      "lat": 11.662770994001871,
      "lng": 107.98283285611308
    },
    {
      "code": "20",
      "name": "Lạng Sơn",
      "officeAddress": "Đang cập nhật",
      "centerName": "Lạng Sơn",
      "scale": "65 đơn vị (4 phường, 61 xã)",
      "totalUnits": 65,
      "area": 8309670,
      "postalCode": "25000",
      "vehicleCode": "12",
      "phoneCode": "205",
      "lat": 21.83853830826713,
      "lng": 106.62068119023301
    },
    {
      "code": "15",
      "name": "Lào Cai",
      "officeAddress": "Số 963 Yên Ninh, Yên Bái, Lào Cai",
      "centerName": "Yên Bái",
      "scale": "99 đơn vị (10 phường, 89 xã)",
      "totalUnits": 99,
      "area": 13256610,
      "postalCode": "27000",
      "vehicleCode": "21; 24",
      "phoneCode": "214",
      "lat": 22.05954434877488,
      "lng": 104.34920012226365
    },
    {
      "code": "40",
      "name": "Nghệ An",
      "officeAddress": "Số 3 Trường Thi, Trường Vinh, Nghệ An",
      "centerName": "Nghệ An",
      "scale": "130 đơn vị (11 phường, 119 xã)",
      "totalUnits": 130,
      "area": 16486490,
      "postalCode": "37000",
      "vehicleCode": "37",
      "phoneCode": "238",
      "lat": 19.249002192297286,
      "lng": 104.9211545444717
    },
    {
      "code": "37",
      "name": "Ninh Bình",
      "officeAddress": "Số 3 Lê Hồng Phong, Hoa Lư, Ninh Bình",
      "centerName": "Ninh Bình",
      "scale": "129 đơn vị (32 phường, 97 xã)",
      "totalUnits": 129,
      "area": 3821390,
      "postalCode": "19000",
      "vehicleCode": "18; 35; 90",
      "phoneCode": "229",
      "lat": 20.308246808582467,
      "lng": 106.0515004839242
    },
    {
      "code": "25",
      "name": "Phú Thọ",
      "officeAddress": "Đang cập nhật",
      "centerName": "Phú Thọ",
      "scale": "148 đơn vị (15 phường, 133 xã)",
      "totalUnits": 148,
      "area": 9361420,
      "postalCode": "21000",
      "vehicleCode": "19; 28; 88",
      "phoneCode": "210",
      "lat": 21.0140246981621,
      "lng": 105.28594801441416
    },
    {
      "code": "51",
      "name": "Quảng Ngãi",
      "officeAddress": "Số 52 Hùng Vương, Nguyễn Nghiêm, Quảng Ngãi",
      "centerName": "Quảng Ngãi",
      "scale": "96 đơn vị (9 phường, 86 xã và 1 đặc khu Lý Sơn)",
      "totalUnits": 96,
      "area": 14832530,
      "postalCode": "\t57000",
      "vehicleCode": "76; 82",
      "phoneCode": "255",
      "lat": 14.69980266691571,
      "lng": 108.17469433252982
    },
    {
      "code": "22",
      "name": "Quảng Ninh",
      "officeAddress": "Số 219 Nguyễn Văn Cừ, Hạ Long, Quảng Ninh",
      "centerName": "Quảng Ninh",
      "scale": "54 đơn vị (30 phường, 22 xã và 2 đặc khu: Vân Đồn và Cô Tô)",
      "totalUnits": 54,
      "area": 6154840,
      "postalCode": "20000",
      "vehicleCode": "14",
      "phoneCode": "203",
      "lat": 21.233095929891,
      "lng": 107.27957595628727
    },
    {
      "code": "44",
      "name": "Quảng Trị",
      "officeAddress": "Số 6 Hùng Vương, Đồng Hới, Quảng Trị",
      "centerName": "Đặt tại TP Đồng Hới, Quảng Bình. 78 đơn vị (69 xã, 8 phường và một và 1 đặc khu.",
      "scale": "78 đơn vị (8 phường, 69 xã và 1 đặc khu Cồn Cỏ)",
      "totalUnits": 78,
      "area": 12699990,
      "postalCode": "52000",
      "vehicleCode": "73; 74",
      "phoneCode": "233",
      "lat": 17.239325263429762,
      "lng": 106.52924470953742
    },
    {
      "code": "14",
      "name": "Sơn La",
      "officeAddress": "Đang cập nhật",
      "centerName": "Sơn La",
      "scale": "75 đơn vị (8 phường, 67 xã)",
      "totalUnits": 75,
      "area": 14108890,
      "postalCode": "\t11000",
      "vehicleCode": "26",
      "phoneCode": "212",
      "lat": 21.267901371266905,
      "lng": 104.01301631779
    },
    {
      "code": "80",
      "name": "Tây Ninh",
      "officeAddress": "Số 136 Trần Hưng Đạo, Tân Ninh, Tây Ninh",
      "centerName": "Long An",
      "scale": "96 đơn vị (14 phường, 82 xã)",
      "totalUnits": 96,
      "area": 8536410,
      "postalCode": "80000",
      "vehicleCode": "62; 70",
      "phoneCode": "276",
      "lat": 11.40461285756074,
      "lng": 106.13887547472686
    },
    {
      "code": "19",
      "name": "Thái Nguyên",
      "officeAddress": "Đang cập nhật",
      "centerName": "Thái Nguyên",
      "scale": "92 đơn vị (15 phường, 77 xã)",
      "totalUnits": 92,
      "area": 8375270,
      "postalCode": "23000",
      "vehicleCode": "20; 97",
      "phoneCode": "208",
      "lat": 22.049543554666947,
      "lng": 105.8185887456331
    },
    {
      "code": "38",
      "name": "Thanh Hóa",
      "officeAddress": "Số 35 Đại lộ Lê Lợi, Hạc Thành, Thanh Hóa",
      "centerName": "Thanh Hóa",
      "scale": "166 đơn vị (19 phường, 147 xã)",
      "totalUnits": 166,
      "area": 11114780,
      "postalCode": "36000",
      "vehicleCode": "36",
      "phoneCode": "237",
      "lat": 20.045528424458066,
      "lng": 105.31950083867883
    },
    {
      "code": "79",
      "name": "TP. Hồ Chí Minh",
      "officeAddress": "Số 86 Lê Thánh Tôn, Sài Gòn, Hồ Chí Minh",
      "centerName": "TP Hồ Chí Minh",
      "scale": "168 đơn vị (113 phường, 54 xã và 1 đặc khu Côn Đảo)",
      "totalUnits": 168,
      "area": 6780425,
      "postalCode": "70000",
      "vehicleCode": "41; 50; 51; 52; 53; 54; 55; 56; 57; 58; 59; 61; 72",
      "phoneCode": "28",
      "lat": 11.131227024706675,
      "lng": 106.63629168541021
    },
    {
      "code": "08",
      "name": "Tuyên Quang",
      "officeAddress": "Số 160 Trần Hưng Đạo, Minh Xuân, Tuyên Quang",
      "centerName": "Tuyên Quang",
      "scale": "124 đơn vị (7 phường, 117 xã)",
      "totalUnits": 124,
      "area": 13795520,
      "postalCode": "25000",
      "vehicleCode": "22; 23",
      "phoneCode": "207",
      "lat": 22.48871073557268,
      "lng": 105.10102955894351
    },
    {
      "code": "86",
      "name": "Vĩnh Long",
      "officeAddress": "Số 88 Võ Văn Kiệt, Long Châu, Vĩnh Long",
      "centerName": "Vĩnh Long",
      "scale": "124 đơn vị (19 phường, 105 xã)",
      "totalUnits": 124,
      "area": 6243180,
      "postalCode": "98000",
      "vehicleCode": "64; 71; 84",
      "phoneCode": "270",
      "lat": 9.993593192477244,
      "lng": 106.27882960749812
    }
  ]
}